{
  "best_epoch": 5,
  "peak_cpu_memory_MB": 1660.648,
  "training_duration": "00:26:12",
  "training_start_epoch": 0,
  "training_epochs": 9,
  "epoch": 9,
  "training_accuracy": 0.5289091760299626,
  "training_precision": 0.5460893854748603,
  "training_recall": 0.35805860805860806,
  "training_f1_measure": 0.43252212389375744,
  "training_loss": 1.1051256062832664,
  "training_cpu_memory_MB": 1649.904,
  "validation_accuracy": 0.4323342415985468,
  "validation_precision": 0.36666666666666664,
  "validation_recall": 0.31654676258992803,
  "validation_f1_measure": 0.33976833976828996,
  "validation_loss": 1.361519956588745,
  "best_validation_accuracy": 0.44686648501362397,
  "best_validation_precision": 0.34513274336283184,
  "best_validation_recall": 0.2805755395683453,
  "best_validation_f1_measure": 0.3095238095237601,
  "best_validation_loss": 1.2971894230161394
}