{
  "best_epoch": 1,
  "peak_cpu_memory_MB": 1236.04,
  "training_duration": "00:42:24",
  "training_start_epoch": 0,
  "training_epochs": 5,
  "epoch": 5,
  "training_accuracy": 0.8422284644194756,
  "training_precision": 0.8493150684931506,
  "training_recall": 0.7948717948717948,
  "training_f1_measure": 0.8211920529800826,
  "training_loss": 0.4348092340909586,
  "training_cpu_memory_MB": 1236.04,
  "validation_accuracy": 0.43869209809264303,
  "validation_precision": 0.43434343434343436,
  "validation_recall": 0.30935251798561153,
  "validation_f1_measure": 0.36134453781507747,
  "validation_loss": 1.635223722976187,
  "best_validation_accuracy": 0.4977293369663942,
  "best_validation_precision": 0.5925925925925926,
  "best_validation_recall": 0.11510791366906475,
  "best_validation_f1_measure": 0.19277108433732218,
  "best_validation_loss": 1.1749378624169722
}