{
  "best_epoch": 1,
  "peak_cpu_memory_MB": 1230.86,
  "training_duration": "00:36:29",
  "training_start_epoch": 0,
  "training_epochs": 5,
  "epoch": 5,
  "training_accuracy": 0.7551498127340824,
  "training_precision": 0.7775489186405767,
  "training_recall": 0.6913919413919414,
  "training_f1_measure": 0.7319437712069304,
  "training_loss": 0.6333809876709842,
  "training_cpu_memory_MB": 1230.86,
  "validation_accuracy": 0.4396003633060854,
  "validation_precision": 0.3917525773195876,
  "validation_recall": 0.2733812949640288,
  "validation_f1_measure": 0.3220338983050363,
  "validation_loss": 1.4601764575294827,
  "best_validation_accuracy": 0.485921889191644,
  "best_validation_precision": 0.5806451612903226,
  "best_validation_recall": 0.12949640287769784,
  "best_validation_f1_measure": 0.21176470588232313,
  "best_validation_loss": 1.1997189625449802
}