{
  "best_epoch": 1,
  "peak_cpu_memory_MB": 1467.096,
  "training_duration": "00:36:22",
  "training_start_epoch": 0,
  "training_epochs": 5,
  "epoch": 5,
  "training_accuracy": 0.7425093632958801,
  "training_precision": 0.7642857142857142,
  "training_recall": 0.6858974358974359,
  "training_f1_measure": 0.7229729729729232,
  "training_loss": 0.6680188673489103,
  "training_cpu_memory_MB": 1467.096,
  "validation_accuracy": 0.45322434150772023,
  "validation_precision": 0.3939393939393939,
  "validation_recall": 0.37410071942446044,
  "validation_f1_measure": 0.3837638376383264,
  "validation_loss": 1.3727778519902911,
  "best_validation_accuracy": 0.4822888283378747,
  "best_validation_precision": 0.45,
  "best_validation_recall": 0.38848920863309355,
  "best_validation_f1_measure": 0.4169884169883673,
  "best_validation_loss": 1.1824403047561645
}