{
  "best_epoch": 2,
  "peak_cpu_memory_MB": 2143.516,
  "training_duration": "00:45:29",
  "training_start_epoch": 0,
  "training_epochs": 6,
  "epoch": 6,
  "training_accuracy": 0.8799157303370787,
  "training_precision": 0.907088122605364,
  "training_recall": 0.8672161172161172,
  "training_f1_measure": 0.8867041198501373,
  "training_loss": 0.33877429288269867,
  "training_cpu_memory_MB": 2143.516,
  "validation_accuracy": 0.4268846503178928,
  "validation_precision": 0.3614457831325301,
  "validation_recall": 0.4316546762589928,
  "validation_f1_measure": 0.39344262295077,
  "validation_loss": 1.7164208624098036,
  "best_validation_accuracy": 0.46503178928247046,
  "best_validation_precision": 0.45185185185185184,
  "best_validation_recall": 0.43884892086330934,
  "best_validation_f1_measure": 0.4452554744525047,
  "best_validation_loss": 1.2042609916792975
}