{
  "best_epoch": 13,
  "peak_cpu_memory_MB": 1857.584,
  "training_duration": "02:17:07",
  "training_start_epoch": 0,
  "training_epochs": 17,
  "epoch": 17,
  "training_accuracy": 0.47073970037453183,
  "training_precision": 0.456973293768546,
  "training_recall": 0.14102564102564102,
  "training_f1_measure": 0.2155353393981445,
  "training_loss": 1.1859028426917282,
  "training_cpu_memory_MB": 1822.58,
  "validation_accuracy": 0.44504995458673935,
  "validation_precision": 0.5,
  "validation_recall": 0.16546762589928057,
  "validation_f1_measure": 0.24864864864861128,
  "validation_loss": 1.2389937513752987,
  "best_validation_accuracy": 0.46684831970935514,
  "best_validation_precision": 0.6,
  "best_validation_recall": 0.02158273381294964,
  "best_validation_f1_measure": 0.04166666666665996,
  "best_validation_loss": 1.196396043426112
}